id,LDL
NA06984,-1.893856789977952
NA06985,1.8884492814843168
NA06986,-0.144653429799793
NA06989,2.4678821333192413
NA06994,-1.416885926803272
NA07000,-1.0750024325609644
NA07037,-0.909247206172791
NA07048,0.142029750482649
NA07051,-1.4930402723805325
NA07056,0.2052754222356023
NA07347,-0.7826698780198119
NA07357,1.6569005545810045
NA10847,-1.2365681942300812
NA10851,-0.420934297247058
NA11829,-0.4917484474029532
NA11830,0.3720399010415398
NA11831,2.1816081423856333
NA11832,-0.0083939864583918
NA11840,-0.0827328973240609
NA11843,-0.0395423822254906
NA11881,0.7564644518779351
NA11892,-0.7149572733604411
NA11893,-0.7099262567764213
NA11894,-1.2449471236681944
NA11918,2.1172538175236197
NA11919,0.783601450422042
NA11920,-0.282971870037471
NA11930,1.7033200675962277
NA11931,-0.0889274508344213
NA11932,-1.1367101377896875
NA11933,-0.2449773888668765
NA11992,-1.2544908096730318
NA11994,0.1805655080556649
NA11995,0.1185888721222685
NA12003,-1.511834930698046
NA12004,-0.3003510747073283
NA12005,-1.2897323185688507
NA12006,-0.2939008845724805
NA12043,0.2441112113430834
NA12044,-0.2765585130422202
NA12045,-0.8134011567755812
NA12046,-0.2608102114938541
NA12058,0.9429352701884302
NA12144,-1.2985869077567258
NA12154,-1.2345374929907131
NA12155,0.5742623749114568
NA12156,1.1238140373382632
NA12234,-0.7771723489889102
NA12249,-0.7773857860561111
NA12272,-0.3898273692530155
NA12273,-0.3117514314651403
NA12275,-1.7590560365358203
NA12282,-0.5009603912233416
NA12283,-1.559181370405113
NA12286,-0.4493897270462743
NA12287,-1.412281784353654
NA12340,0.29603801051228
NA12341,-1.8665185507704845
NA12342,-0.5514516736605646
NA12347,-0.5264825858990261
NA12348,-1.6319268211090798
NA12383,0.425661390524311
NA12399,-0.5905222435419666
NA12400,-0.4359175793645571
NA12413,-0.3013774630724876
NA12414,-0.626908994758366
NA12489,-1.9854517828167129
NA12546,1.4872363807620954
NA12716,-1.22101777933402
NA12717,-0.1094460708347262
NA12718,1.9913747334904828
NA12748,-0.7800116718028735
NA12749,-0.3039077899951631
NA12750,-1.924183148126232
NA12751,-0.0953061700427665
NA12760,-1.2410686672470588
NA12761,-1.074941450541764
NA12762,-0.035060203814273
NA12763,-0.7518800565256106
NA12775,-0.0602183358353322
NA12776,1.365601645265296
NA12777,-0.9090325494652062
NA12778,-0.8251072651812593
NA12812,-0.6131093736335436
NA12813,1.699118406473331
NA12814,-1.1898376729169369
NA12815,-0.6743151968442489
NA12827,-0.5677594852350929
NA12828,-1.5829643578932064
NA12829,-0.1280254626244634
NA12830,-0.3829888456199005
NA12842,-0.3265701109164141
NA12843,-0.7884332886544269
NA12872,0.0867050332036149
NA12873,-0.0364182733818623
NA12874,-1.666790241485857
NA12878,-1.565316161536657
NA12889,-0.8894469543586649
NA12890,-1.0359861366766503
NA18486,-0.8958494565544981
NA18488,0.2477133582352224
NA18489,-0.2194899539421359
NA18498,0.3412422128668615
NA18499,-0.1062024372334654
NA18501,0.821643253639536
NA18502,-0.0872742282939028
NA18504,-0.2604656021033534
NA18505,0.1358650781616967
NA18507,0.1127650892886457
NA18508,0.9166398235092864
NA18510,-0.7505963850214454
NA18511,-1.3594530611204856
NA18516,0.383517936695409
NA18517,-0.2516024754327906
NA18519,2.2251554022965245
NA18520,0.2890677657176926
NA18522,0.8051933539602711
NA18523,0.1234784104217439
NA18853,0.5007698944722871
NA18856,-0.2944441733815354
NA18858,0.1682989748935366
NA18861,0.5916233459575733
NA18864,2.608012715239474
NA18865,0.0409770562861227
NA18867,0.7493557778997632
NA18868,0.115132411273999
NA18870,0.0529051392416897
NA18871,-0.5835849290377472
NA18873,0.064640519016584
NA18874,0.9162129493748848
NA18876,2.9009337462659084
NA18877,0.0611803992471623
NA18878,0.6294687870732424
NA18879,0.6132109807544583
NA18881,-0.4570106499857281
NA18907,0.2090252065962251
NA18908,0.2887598675027506
NA18909,0.7606966040104318
NA18910,-0.0432134997813451
NA18912,0.4942435987774774
NA18915,0.8148321719150612
NA18916,-0.1759091539206841
NA18917,-0.2199845181178499
NA18923,2.210105039957905
NA18924,-1.0944435002820008
NA18933,0.5382970094477312
NA18934,1.394135132049089
NA19092,-0.5534903025624286
NA19093,0.6885335315898273
NA19095,-0.1688163352675042
NA19096,0.2364952279471846
NA19098,0.1847897325256656
NA19099,4.860255532160032
NA19102,-0.7449372536396632
NA19107,0.3666460414432785
NA19108,-0.5991658349434086
NA19113,0.7699866048153965
NA19114,-0.5546062735137931
NA19116,-0.2323589894539627
NA19117,-0.5279205419117677
NA19118,0.2952438416762354
NA19119,-0.5098454714208166
NA19121,-0.5298414755165753
NA19129,0.4282525165201293
NA19130,0.2320367715414358
NA19131,0.7770525913801284
NA19137,0.2823307161645269
NA19138,2.4141813672115098
NA19141,0.4153285971910224
NA19143,-0.3527862809705974
NA19144,0.4868275754225362
NA19146,0.2207325346422872
NA19147,0.2951470876045723
NA19149,0.6480768404120039
NA19152,-0.1339151060388226
NA19153,0.4694165991206755
NA19159,0.4249710740669644
NA19160,0.129850421607977
NA19171,-1.1752324793184794
NA19172,-0.380618474533587
NA19175,0.4217841537435599
NA19184,0.4601265983157109
NA19185,0.3834526859348647
NA19189,0.2463364452237002
NA19190,0.5843122116756565
NA19197,0.9644009409469146
NA19198,1.214866290206142
NA19200,0.1200591486051865
NA19201,0.984756738955955
NA19204,-0.0615245706866013
NA19206,0.2274539727985378
NA19207,2.369670591397254
NA19209,0.1434744145175027
NA19210,-0.1953465627205689
NA19213,0.1194261552458879
NA19214,0.4315607910617424
NA19222,0.0710265560672332
NA19223,1.652241528314106
NA19225,-0.6929317876656982
NA19235,0.2554997253927668
NA19236,1.6732498339285888
NA19238,-0.917132181255382
NA19239,0.5663621543240658
NA19247,-0.1527244000409448
NA19248,0.896981659799897
NA19256,-1.0162279624557726
NA19257,0.135416250500383
